,Filename,Sorted
0,2009-12-01-18-36-33_L5_rgb.jpg,good
1,2017-10-11-18-52-32_L8_rgb.jpg,bad
2,2014-02-05-18-53-15_L8_rgb.jpg,good
3,2003-10-14-18-23-57_L5_rgb.jpg,good
4,2013-12-12-18-47-38_L8_rgb.jpg,good
5,2003-11-22-18-30-41_L5_rgb.jpg,bad
6,2015-08-12-18-45-45_L8_rgb.jpg,good
7,2005-10-19-18-34-07_L5_rgb.jpg,good
8,2004-04-07-18-25-32_L5_rgb.jpg,bad
9,2014-03-18-18-46-32_L8_rgb.jpg,good
10,2014-06-13-18-51-57_L8_rgb.jpg,good
11,2008-07-23-18-32-39_L5_rgb.jpg,good
12,2005-04-01-18-39-20_L5_rgb.jpg,good
13,2016-12-11-18-52-32_L8_rgb.jpg,bad
14,2003-12-08-18-30-46_L5_rgb.jpg,bad
15,2009-05-07-18-33-41_L5_rgb.jpg,good
16,2011-02-06-18-36-02_L5_rgb.jpg,good
17,2008-08-31-18-37-44_L5_rgb.jpg,bad
18,2001-10-24-18-25-53_L5_rgb.jpg,good
19,2003-06-15-18-28-03_L5_rgb.jpg,good
20,2015-04-29-18-51-30_L8_rgb.jpg,good
21,2011-01-05-18-36-00_L5_rgb.jpg,good
22,2013-09-07-18-48-06_L8_rgb.jpg,good
23,2003-03-27-18-26-20_L5_rgb.jpg,good
24,2010-08-30-18-36-21_L5_rgb.jpg,good
25,2015-05-08-18-45-09_L8_rgb.jpg,good
26,2014-04-19-18-45-59_L8_rgb.jpg,good
27,2020-06-06-18-45-38_L8_rgb.jpg,good
28,2002-01-12-18-25-08_L5_rgb.jpg,bad
29,2017-01-05-18-46-16_L8_rgb.jpg,good
30,2018-09-12-18-51-52_L8_rgb.jpg,bad
31,2016-05-01-18-51-52_L8_rgb.jpg,bad
32,2008-03-17-18-36-02_L5_rgb.jpg,good
33,2020-10-28-18-46-24_L8_rgb.jpg,good
34,2015-03-28-18-51-43_L8_rgb.jpg,good
35,2020-02-15-18-46-06_L8_rgb.jpg,good
36,2018-11-15-18-52-11_L8_rgb.jpg,bad
37,2018-12-17-18-52-07_L8_rgb.jpg,bad
38,2010-06-02-18-42-56_L5_rgb.jpg,bad
39,2013-12-19-18-53-43_L8_rgb.jpg,good
40,2016-03-23-18-45-49_L8_rgb.jpg,good
41,2017-03-17-18-51-57_L8_rgb.jpg,good
42,2017-03-01-18-52-06_L8_rgb.jpg,good
43,2015-09-04-18-52-05_L8_rgb.jpg,good
44,2008-06-21-18-33-35_L5_rgb.jpg,bad
45,2020-12-22-18-52-35_L8_rgb.jpg,good
46,2014-07-24-18-45-57_L8_rgb.jpg,good
47,2010-10-08-18-42-16_L5_rgb.jpg,bad
48,2013-11-10-18-47-48_L8_rgb.jpg,bad
49,2021-09-29-18-46-25_L8_rgb.jpg,good
50,2011-02-13-18-42-13_L5_rgb.jpg,good
51,2005-04-17-18-39-23_L5_rgb.jpg,good
52,2015-12-25-18-52-23_L8_rgb.jpg,good
53,2019-04-17-18-45-31_L8_rgb.jpg,good
54,2017-12-07-18-46-13_L8_rgb.jpg,good
55,2014-10-03-18-52-26_L8_rgb.jpg,good
56,2015-10-06-18-52-16_L8_rgb.jpg,good
57,2005-07-22-18-40-06_L5_rgb.jpg,bad
58,2020-04-26-18-51-45_L8_rgb.jpg,bad
59,2017-12-30-18-52-25_L8_rgb.jpg,bad
60,2020-01-05-18-52-27_L8_rgb.jpg,good
61,2010-03-23-18-37-00_L5_rgb.jpg,good
62,2020-04-03-18-45-44_L8_rgb.jpg,good
63,2009-10-21-18-42-25_L5_rgb.jpg,bad
64,2017-06-05-18-51-54_L8_rgb.jpg,good
65,2021-12-09-18-52-36_L8_rgb.jpg,good
66,2019-06-20-18-45-56_L8_rgb.jpg,bad
67,2019-05-03-18-45-31_L8_rgb.jpg,bad
68,2018-06-01-18-44-51_L8_rgb.jpg,good
69,2019-10-10-18-46-27_L8_rgb.jpg,good
70,2001-03-30-18-26-12_L5_rgb.jpg,good
71,2020-09-26-18-46-22_L8_rgb.jpg,good
72,2001-12-11-18-25-30_L5_rgb.jpg,good
73,2021-04-29-18-51-49_L8_rgb.jpg,bad
74,2021-03-21-18-45-53_L8_rgb.jpg,good
75,2019-04-24-18-51-38_L8_rgb.jpg,good
76,2021-11-07-18-52-39_L8_rgb.jpg,good
77,2017-07-16-18-45-54_L8_rgb.jpg,good
78,2010-06-11-18-36-43_L5_rgb.jpg,good
79,2005-11-20-18-34-37_L5_rgb.jpg,good
80,2016-12-27-18-52-29_L8_rgb.jpg,good
81,2009-08-27-18-35-34_L5_rgb.jpg,good
82,2007-09-07-18-39-12_L5_rgb.jpg,good
83,no_data.jpg,bad
84,2020-03-02-18-46-01_L8_rgb.jpg,good
85,2019-11-18-18-52-35_L8_rgb.jpg,good
86,2003-07-17-18-28-41_L5_rgb.jpg,good
87,2009-12-17-18-36-42_L5_rgb.jpg,bad
88,2018-01-31-18-52-08_L8_rgb.jpg,good
89,2004-07-28-18-28-42_L5_rgb.jpg,bad
90,2006-07-25-18-45-26_L5_rgb.jpg,bad
91,2006-01-23-18-36-04_L5_rgb.jpg,good
92,2006-08-03-18-39-22_L5_rgb.jpg,good
93,2018-04-14-18-45-23_L8_rgb.jpg,good
94,2009-01-31-18-31-35_L5_rgb.jpg,good
95,2017-04-18-18-51-40_L8_rgb.jpg,bad
96,2004-05-09-18-26-28_L5_rgb.jpg,good
97,2017-10-27-18-52-33_L8_rgb.jpg,bad
98,2006-06-16-18-38-40_L5_rgb.jpg,good
99,2014-10-19-18-52-29_L8_rgb.jpg,bad
100,2013-10-09-18-47-57_L8_rgb.jpg,good
101,2016-11-09-18-52-35_L8_rgb.jpg,good
102,2003-04-05-18-20-24_L5_rgb.jpg,good
103,2006-07-18-18-39-10_L5_rgb.jpg,good
104,2021-09-13-18-46-21_L8_rgb.jpg,bad
105,2000-04-12-18-20-29_L5_rgb.jpg,bad
106,2005-05-28-18-33-29_L5_rgb.jpg,good
107,2000-10-21-18-24-43_L5_rgb.jpg,good
108,2010-04-08-18-36-59_L5_rgb.jpg,good
109,2010-09-06-18-42-30_L5_rgb.jpg,bad
110,2004-03-13-18-31-20_L5_rgb.jpg,bad
111,2018-09-21-18-45-43_L8_rgb.jpg,bad
112,2020-10-03-18-52-34_L8_rgb.jpg,bad
113,2015-01-07-18-52-18_L8_rgb.jpg,good
114,2017-01-28-18-52-19_L8_rgb.jpg,bad
115,2005-09-24-18-40-21_L5_rgb.jpg,bad
116,2009-03-27-18-39-04_L5_rgb.jpg,good
117,2003-05-07-18-21-09_L5_rgb.jpg,bad
118,2017-09-02-18-46-11_L8_rgb.jpg,good
119,2004-08-20-18-35-25_L5_rgb.jpg,bad
120,2020-02-22-18-52-15_L8_rgb.jpg,bad
121,2013-04-09-18-46-34_L8_rgb.jpg,good
122,2019-02-19-18-51-59_L8_rgb.jpg,good
123,2018-10-14-18-52-05_L8_rgb.jpg,good
124,2009-05-14-18-40-00_L5_rgb.jpg,bad
125,2018-06-24-18-51-15_L8_rgb.jpg,good
126,2018-10-30-18-52-10_L8_rgb.jpg,good
127,cloud_cover.jpg,bad
128,2016-04-24-18-45-35_L8_rgb.jpg,good
129,2003-06-24-18-22-06_L5_rgb.jpg,good
130,2011-06-21-18-41-32_L5_rgb.jpg,good
131,2018-02-09-18-45-55_L8_rgb.jpg,good
132,2003-01-15-18-18-27_L5_rgb.jpg,good
133,2002-08-08-18-20-57_L5_rgb.jpg,good
134,2015-01-23-18-52-12_L8_rgb.jpg,good
135,2000-09-03-18-24-08_L5_rgb.jpg,good
136,2015-07-11-18-45-35_L8_rgb.jpg,good
137,2016-10-08-18-52-33_L8_rgb.jpg,good
138,2013-10-25-18-47-49_L8_rgb.jpg,good
139,2020-10-12-18-46-24_L8_rgb.jpg,good
140,2004-02-10-18-31-08_L5_rgb.jpg,bad
141,2019-03-23-18-51-50_L8_rgb.jpg,good
142,2004-11-01-18-30-55_L5_rgb.jpg,good
143,2017-05-13-18-45-29_L8_rgb.jpg,good
144,2016-06-18-18-51-58_L8_rgb.jpg,good
145,2008-02-14-18-36-41_L5_rgb.jpg,good
146,2004-12-19-18-31-51_L5_rgb.jpg,good
147,2019-10-26-18-46-28_L8_rgb.jpg,good
148,2007-06-19-18-40-03_L5_rgb.jpg,bad
149,2008-02-05-18-43-01_L5_rgb.jpg,bad
150,2006-11-23-18-40-35_L5_rgb.jpg,good
151,2021-03-12-18-52-08_L8_rgb.jpg,good
152,2008-04-25-18-41-17_L5_rgb.jpg,bad
153,2009-09-03-18-41-51_L5_rgb.jpg,good
154,2016-02-04-18-46-06_L8_rgb.jpg,good
155,2021-02-24-18-52-16_L8_rgb.jpg,good
156,2021-03-05-18-46-01_L8_rgb.jpg,good
157,2013-06-19-18-48-00_L8_rgb.jpg,good
158,2020-03-09-18-52-09_L8_rgb.jpg,good
159,2015-03-21-18-45-38_L8_rgb.jpg,good
160,2000-08-18-18-23-46_L5_rgb.jpg,good
161,2011-06-14-18-35-24_L5_rgb.jpg,good
162,2020-11-29-18-46-25_L8_rgb.jpg,bad
163,2020-06-29-18-52-01_L8_rgb.jpg,good
164,2015-11-16-18-46-12_L8_rgb.jpg,good
165,2013-11-17-18-53-55_L8_rgb.jpg,good
166,2011-05-04-18-41-52_L5_rgb.jpg,good
167,2007-03-31-18-40-57_L5_rgb.jpg,good
168,2014-12-06-18-52-24_L8_rgb.jpg,bad
169,2007-04-16-18-40-51_L5_rgb.jpg,good
170,Elwha_20150923_RGBAvg_NAD83GCS_123_005.jpg,bad
171,2019-01-02-18-52-07_L8_rgb.jpg,good
172,2004-09-21-18-36-14_L5_rgb.jpg,good
173,2018-10-07-18-45-52_L8_rgb.jpg,good
174,2016-02-27-18-52-09_L8_rgb.jpg,good
175,2011-05-29-18-35-34_L5_rgb.jpg,good
176,2013-12-28-18-47-30_L8_rgb.jpg,good
177,2000-11-22-18-25-12_L5_rgb.jpg,bad
178,2004-01-25-18-31-05_L5_rgb.jpg,bad
179,2009-10-05-18-42-15_L5_rgb.jpg,bad
180,2002-06-05-18-22-35_L5_rgb.jpg,good
181,2007-08-29-18-45-26_L5_rgb.jpg,bad
182,2004-09-14-18-29-54_L5_rgb.jpg,good
183,2018-11-08-18-46-00_L8_rgb.jpg,good
184,2019-11-02-18-52-38_L8_rgb.jpg,good
185,2009-03-11-18-38-43_L5_rgb.jpg,good
186,2000-12-24-18-25-44_L5_rgb.jpg,good
187,2021-11-23-18-52-36_L8_rgb.jpg,good
188,2004-11-24-18-37-30_L5_rgb.jpg,good
189,2014-12-22-18-52-22_L8_rgb.jpg,good
190,2018-03-04-18-51-55_L8_rgb.jpg,bad
191,2001-03-14-18-26-11_L5_rgb.jpg,good
192,2007-03-15-18-41-01_L5_rgb.jpg,good
193,2005-06-04-18-39-43_L5_rgb.jpg,good
194,2015-08-03-18-51-52_L8_rgb.jpg,good
195,2021-06-16-18-52-06_L8_rgb.jpg,bad
196,2021-05-31-18-52-00_L8_rgb.jpg,bad
197,2019-09-15-18-52-32_L8_rgb.jpg,bad
198,2000-12-08-18-25-20_L5_rgb.jpg,good
199,2018-02-16-18-52-03_L8_rgb.jpg,good
200,2016-12-04-18-46-23_L8_rgb.jpg,good
201,2018-03-29-18-45-32_L8_rgb.jpg,good
202,2021-09-20-18-52-33_L8_rgb.jpg,good
203,2009-10-30-18-36-19_L5_rgb.jpg,good
204,2001-09-06-18-26-14_L5_rgb.jpg,good
205,2007-05-18-18-40-32_L5_rgb.jpg,good
206,2005-03-25-18-33-07_L5_rgb.jpg,good
207,2016-05-17-18-51-49_L8_rgb.jpg,good
208,2010-06-27-18-36-38_L5_rgb.jpg,bad
209,2000-09-19-18-24-18_L5_rgb.jpg,good
210,2005-10-10-18-40-17_L5_rgb.jpg,bad
211,2005-10-03-18-34-08_L5_rgb.jpg,good
212,2016-12-20-18-46-18_L8_rgb.jpg,good
213,2019-06-11-18-52-03_L8_rgb.jpg,good
214,2005-02-12-18-38-45_L5_rgb.jpg,good
215,2014-10-28-18-46-14_L8_rgb.jpg,good
216,2017-11-05-18-46-21_L8_rgb.jpg,good
217,2017-12-14-18-52-25_L8_rgb.jpg,good
218,2015-10-31-18-46-11_L8_rgb.jpg,good
219,2014-05-28-18-51-49_L8_rgb.jpg,bad
220,2021-02-17-18-46-08_L8_rgb.jpg,good
221,2016-05-26-18-45-42_L8_rgb.jpg,good
222,2017-11-21-18-46-17_L8_rgb.jpg,good
223,2010-09-22-18-42-24_L5_rgb.jpg,bad
224,2015-11-07-18-52-22_L8_rgb.jpg,good
225,2021-08-28-18-46-17_L8_rgb.jpg,good
226,2010-04-15-18-43-08_L5_rgb.jpg,bad
227,2006-04-13-18-37-44_L5_rgb.jpg,bad
228,2006-09-20-18-39-55_L5_rgb.jpg,good
229,2021-10-15-18-46-30_L8_rgb.jpg,good
230,2010-11-18-18-35-52_L5_rgb.jpg,bad
231,2014-05-12-18-51-50_L8_rgb.jpg,good
232,2010-05-01-18-43-04_L5_rgb.jpg,bad
233,2019-10-01-18-52-36_L8_rgb.jpg,good
234,2014-09-26-18-46-10_L8_rgb.jpg,bad
235,2016-11-02-18-46-25_L8_rgb.jpg,good
236,2018-12-26-18-45-57_L8_rgb.jpg,good
237,2010-05-26-18-36-48_L5_rgb.jpg,good
238,2021-10-22-18-52-41_L8_rgb.jpg,bad
239,2010-03-14-18-43-12_L5_rgb.jpg,bad
240,2014-01-20-18-53-24_L8_rgb.jpg,good
241,2018-04-21-18-51-30_L8_rgb.jpg,good
242,2019-08-14-18-52-23_L8_rgb.jpg,good
243,2019-03-16-18-45-40_L8_rgb.jpg,good
244,2008-04-09-18-41-41_L5_rgb.jpg,bad
245,2009-06-24-18-34-34_L5_rgb.jpg,bad
246,2010-11-25-18-42-03_L5_rgb.jpg,good
247,2013-08-29-18-54-18_L8_rgb.jpg,bad
248,2015-07-27-18-45-41_L8_rgb.jpg,good
249,2014-12-31-18-46-05_L8_rgb.jpg,good
250,2006-02-08-18-36-27_L5_rgb.jpg,good
251,2014-10-12-18-46-17_L8_rgb.jpg,good
252,2004-06-26-18-27-51_L5_rgb.jpg,good
253,2019-10-17-18-52-39_L8_rgb.jpg,good
254,2003-09-19-18-29-50_L5_rgb.jpg,bad
255,2017-11-12-18-52-31_L8_rgb.jpg,bad
256,2005-04-26-18-33-15_L5_rgb.jpg,good
257,2008-07-07-18-33-07_L5_rgb.jpg,bad
258,2000-01-07-18-21-07_L5_rgb.jpg,bad
259,2016-09-22-18-52-29_L8_rgb.jpg,good
260,2006-06-07-18-44-42_L5_rgb.jpg,good
261,2017-10-04-18-46-19_L8_rgb.jpg,good
262,2019-02-28-18-45-45_L8_rgb.jpg,good
263,2000-08-02-18-23-18_L5_rgb.jpg,good
264,2003-01-06-18-24-26_L5_rgb.jpg,bad
265,2020-05-21-18-45-31_L8_rgb.jpg,good
266,2020-03-25-18-52-01_L8_rgb.jpg,good
267,2004-06-01-18-33-18_L5_rgb.jpg,good
268,2015-03-12-18-51-51_L8_rgb.jpg,good
269,2011-10-27-18-40-09_L5_rgb.jpg,bad
270,2018-08-11-18-51-39_L8_rgb.jpg,good
271,2003-08-11-18-22-58_L5_rgb.jpg,good
272,2007-08-22-18-39-20_L5_rgb.jpg,bad
273,2011-05-13-18-35-39_L5_rgb.jpg,good
274,2021-01-23-18-52-24_L8_rgb.jpg,good
275,2018-07-03-18-45-09_L8_rgb.jpg,bad
276,2017-11-28-18-52-24_L8_rgb.jpg,good
277,2009-02-07-18-37-57_L5_rgb.jpg,bad
278,2008-06-05-18-34-01_L5_rgb.jpg,good
279,2014-02-21-18-53-02_L8_rgb.jpg,good
280,2021-10-06-18-52-39_L8_rgb.jpg,bad
281,2011-01-21-18-36-00_L5_rgb.jpg,good
282,2015-04-13-18-51-38_L8_rgb.jpg,bad
283,2011-09-18-18-34-31_L5_rgb.jpg,good
284,2004-03-06-18-25-06_L5_rgb.jpg,good
285,2013-11-01-18-53-59_L8_rgb.jpg,good
286,2019-07-06-18-46-00_L8_rgb.jpg,bad
287,2003-02-16-18-19-08_L5_rgb.jpg,good
288,2017-04-27-18-45-23_L8_rgb.jpg,good
289,2013-07-12-18-54-14_L8_rgb.jpg,bad
290,2001-06-18-18-26-22_L5_rgb.jpg,good
291,2017-06-14-18-45-46_L8_rgb.jpg,good
292,2014-09-01-18-52-21_L8_rgb.jpg,good
293,2005-06-13-18-33-36_L5_rgb.jpg,good
294,2008-09-25-18-30-49_L5_rgb.jpg,good
295,2005-04-10-18-33-11_L5_rgb.jpg,good
296,2002-10-11-18-19-06_L5_rgb.jpg,good
297,2019-06-04-18-45-50_L8_rgb.jpg,good
298,2021-07-27-18-46-06_L8_rgb.jpg,bad
299,2017-04-02-18-51-49_L8_rgb.jpg,bad
300,2016-09-06-18-52-28_L8_rgb.jpg,good
301,2019-09-24-18-46-24_L8_rgb.jpg,good
302,2014-09-10-18-46-13_L8_rgb.jpg,good
303,2018-12-01-18-52-10_L8_rgb.jpg,bad
304,2011-04-11-18-35-51_L5_rgb.jpg,good
305,2021-02-01-18-46-12_L8_rgb.jpg,good
306,2018-06-08-18-51-04_L8_rgb.jpg,good
307,2021-04-13-18-51-57_L8_rgb.jpg,good
308,2021-08-19-18-52-25_L8_rgb.jpg,good
309,2014-06-06-18-45-44_L8_rgb.jpg,bad
310,2016-08-30-18-46-15_L8_rgb.jpg,good
311,2015-02-24-18-52-03_L8_rgb.jpg,good
312,2003-09-12-18-23-32_L5_rgb.jpg,good
313,2014-11-04-18-52-28_L8_rgb.jpg,bad
314,2002-07-23-18-21-26_L5_rgb.jpg,bad
315,2009-04-12-18-39-23_L5_rgb.jpg,good
316,2020-04-10-18-51-53_L8_rgb.jpg,good
317,2020-02-06-18-52-19_L8_rgb.jpg,good
318,2005-01-20-18-32-15_L5_rgb.jpg,good
319,2018-05-07-18-51-21_L8_rgb.jpg,good
320,2002-11-28-18-17-41_L5_rgb.jpg,good
321,2016-03-30-18-51-55_L8_rgb.jpg,bad
322,2008-10-11-18-30-18_L5_rgb.jpg,good
323,2015-09-20-18-52-13_L8_rgb.jpg,good
324,2018-02-25-18-45-48_L8_rgb.jpg,good
325,2001-08-21-18-26-20_L5_rgb.jpg,bad
326,2009-04-28-18-39-41_L5_rgb.jpg,good
327,2005-02-05-18-32-27_L5_rgb.jpg,bad
328,2003-02-07-18-25-07_L5_rgb.jpg,good
329,2014-05-05-18-45-42_L8_rgb.jpg,good
330,2016-04-15-18-51-50_L8_rgb.jpg,good
331,2014-01-04-18-53-36_L8_rgb.jpg,good
332,2006-02-15-18-42-47_L5_rgb.jpg,good
333,2016-11-18-18-46-25_L8_rgb.jpg,good
334,2014-01-13-18-47-15_L8_rgb.jpg,good
335,2005-02-21-18-32-44_L5_rgb.jpg,bad
336,2007-09-30-18-45-12_L5_rgb.jpg,bad
337,2020-12-31-18-46-21_L8_rgb.jpg,good
338,2020-11-20-18-52-34_L8_rgb.jpg,good
339,2013-08-13-18-54-15_L8_rgb.jpg,good
340,2014-09-17-18-52-23_L8_rgb.jpg,good
341,2010-07-13-18-36-35_L5_rgb.jpg,bad
342,2018-07-10-18-51-23_L8_rgb.jpg,good
343,2007-07-21-18-39-41_L5_rgb.jpg,bad
344,2004-11-17-18-31-09_L5_rgb.jpg,good
345,2002-10-27-18-18-42_L5_rgb.jpg,good
346,2019-09-08-18-46-18_L8_rgb.jpg,good
347,2003-03-04-18-19-37_L5_rgb.jpg,good
348,2004-12-03-18-31-33_L5_rgb.jpg,good
349,2004-04-23-18-26-01_L5_rgb.jpg,good
350,2006-02-24-18-36-48_L5_rgb.jpg,good
351,2015-10-22-18-52-19_L8_rgb.jpg,good
352,2001-02-26-18-26-12_L5_rgb.jpg,bad
353,2021-12-18-18-46-24_L8_rgb.jpg,good
354,2009-11-15-18-36-25_L5_rgb.jpg,good
355,2015-04-06-18-45-27_L8_rgb.jpg,good
356,2015-07-18-18-51-49_L8_rgb.jpg,good
357,2013-04-16-18-47-53_L8_rgb.jpg,good
358,2013-06-03-18-48-07_L8_rgb.jpg,good
359,2017-09-25-18-52-27_L8_rgb.jpg,good
360,2017-03-26-18-45-41_L8_rgb.jpg,bad
361,2021-05-08-18-45-35_L8_rgb.jpg,good
362,2002-10-18-18-25-04_L5_rgb.jpg,bad
363,2010-04-24-18-36-55_L5_rgb.jpg,good
364,2020-12-06-18-52-36_L8_rgb.jpg,bad
365,2000-04-28-18-21-24_L5_rgb.jpg,good
366,2013-09-23-18-47-58_L8_rgb.jpg,good
367,2020-07-08-18-45-54_L8_rgb.jpg,good
368,2009-01-15-18-31-09_L5_rgb.jpg,good
369,2004-01-18-18-24-51_L5_rgb.jpg,good
370,2015-06-25-18-45-24_L8_rgb.jpg,bad
371,2014-04-26-18-52-04_L8_rgb.jpg,good
372,2021-01-07-18-52-29_L8_rgb.jpg,good
373,2002-11-19-18-24-03_L5_rgb.jpg,bad
374,2020-06-13-18-51-53_L8_rgb.jpg,good
375,2008-05-27-18-40-26_L5_rgb.jpg,bad
376,2016-10-17-18-46-24_L8_rgb.jpg,good
377,2013-10-16-18-54-06_L8_rgb.jpg,good
378,2003-03-20-18-19-55_L5_rgb.jpg,bad
379,2015-03-05-18-45-47_L8_rgb.jpg,good
380,2011-04-27-18-35-43_L5_rgb.jpg,good
381,2014-06-29-18-52-00_L8_rgb.jpg,good
382,2021-02-08-18-52-21_L8_rgb.jpg,good
383,2018-04-30-18-45-15_L8_rgb.jpg,good
384,2005-03-09-18-32-58_L5_rgb.jpg,bad
385,2008-05-11-18-40-52_L5_rgb.jpg,bad
386,2019-08-23-18-46-15_L8_rgb.jpg,bad
387,2019-05-19-18-45-41_L8_rgb.jpg,good
388,2009-04-05-18-33-04_L5_rgb.jpg,good
389,2018-11-24-18-46-00_L8_rgb.jpg,bad
390,2002-09-09-18-20-07_L5_rgb.jpg,good
391,2016-10-01-18-46-19_L8_rgb.jpg,good
392,2001-05-01-18-26-16_L5_rgb.jpg,good
393,2014-04-03-18-46-16_L8_rgb.jpg,good
394,2018-12-01-19-04-26_S2.jpg,good
395,2018-12-03-17-15-45_S2.jpg,bad
396,2018-12-03-17-15-49_S2.jpg,bad
397,2018-12-03-18-40-12_L8.jpg,good
398,2018-12-03-18-54-34_S2.jpg,good
399,2018-12-04-16-53-14_L7.jpg,bad
400,2018-12-05-16-13-49_S2.jpg,good
401,2018-12-05-16-14-04_S2.jpg,good
402,2018-12-05-17-05-46_S2.jpg,bad
403,2018-12-06-15-54-07_L8.jpg,good
404,2018-12-06-19-04-29_S2.jpg,bad
405,2018-12-07-15-43-58_L7.jpg,bad
406,2018-12-07-16-03-50_S2.jpg,bad
407,2018-12-07-16-04-05_S2.jpg,bad
408,2018-12-08-18-54-30_S2.jpg,good
409,2018-12-10-17-05-48_S2.jpg,good
410,2018-12-11-18-36-07_L7.jpg,bad
411,2018-12-11-19-04-26_S2.jpg,good
412,2018-12-12-16-03-51_S2.jpg,bad
413,2018-12-12-16-04-06_S2.jpg,bad
414,2018-12-13-16-46-48_L7.jpg,bad
415,2018-12-13-17-15-44_S2.jpg,good
416,2018-12-13-17-15-47_S2.jpg,good
417,2018-12-13-18-54-32_S2.jpg,good
418,2018-12-15-16-13-49_S2.jpg,bad
419,2018-12-15-17-05-46_S2.jpg,good
420,2018-12-18-18-54-30_S2.jpg,good
421,2018-12-19-18-40-10_L8.jpg,good
422,2018-12-20-16-52-47_L7.jpg,bad
423,2018-12-20-17-05-50_S2.jpg,good
424,2018-12-21-16-50-55_L8.jpg,good
425,2018-12-21-19-04-26_S2.jpg,good
426,2018-12-22-15-54-06_L8.jpg,good
427,2018-12-22-16-03-54_S2.jpg,good
428,2018-12-22-16-04-09_S2.jpg,good
429,2018-12-23-15-43-31_L7.jpg,bad
430,2018-12-23-17-15-46_S2.jpg,bad
431,2018-12-25-16-13-51_S2.jpg,good
432,2018-12-25-16-14-05_S2.jpg,good
433,2018-12-25-17-05-47_S2.jpg,bad
434,2018-12-26-19-04-31_S2.jpg,good
435,2018-12-27-18-35-39_L7.jpg,bad
436,2018-12-28-16-57-05_L8.jpg,bad
437,2018-12-28-17-15-43_S2.jpg,bad
438,2018-12-28-18-54-32_S2.jpg,good
439,2018-12-31-19-04-28_S2.jpg,good
440,2016-02-15-19-03-55_S2.jpg,good
441,2016-03-06-19-03-54_S2.jpg,good
442,2016-03-26-18-57-04_S2.jpg,good
443,2016-04-05-19-03-46_S2.jpg,good
444,2016-04-15-19-03-49_S2.jpg,good
445,2016-05-05-19-04-04_S2.jpg,bad
446,2016-05-15-18-53-43_S2.jpg,good
447,2016-05-25-19-03-54_S2.jpg,bad
448,2016-06-14-19-03-51_S2.jpg,good
449,2016-06-24-19-02-10_S2.jpg,good
450,2016-08-13-19-03-52_S2.jpg,bad
451,2016-09-02-19-03-48_S2.jpg,bad
452,2016-09-22-19-03-44_S2.jpg,good
453,2016-10-02-19-02-32_S2.jpg,good
454,2016-10-22-18-54-48_S2.jpg,good
455,2016-11-01-19-03-46_S2.jpg,bad
456,2016-11-21-19-02-56_S2.jpg,bad
457,2016-12-01-19-04-00_S2.jpg,good
458,2016-12-21-19-03-42_S2.jpg,bad
459,2016-12-31-19-01-05_S2.jpg,bad
460,2017-03-01-19-03-42_S2.jpg,good
461,2017-03-11-18-59-39_S2.jpg,good
462,2017-04-10-19-03-47_S2.jpg,bad
463,2017-07-09-19-03-14_S2.jpg,bad
464,2018-12-01-15-33-12_L8.jpg,bad
465,2018-12-01-15-33-12_L8_2022-03-31__09_hr_48_min.jpg,good
466,2018-12-01-15-33-12_L8_2022-03-31__09_hr_49_min.jpg,bad
467,2018-12-01-15-33-12_L8_2022-03-31__09_hr_50_min.jpg,good
468,2018-12-01-15-33-12_L8_2022-03-31__09_hr_51_min.jpg,good
469,2018-12-01-15-41-39_S2.jpg,good
470,2018-12-01-15-41-39_S2_2022-03-31__09_hr_49_min.jpg,bad
471,2018-12-01-15-41-39_S2_2022-03-31__09_hr_50_min.jpg,good
472,2018-12-01-15-41-39_S2_2022-03-31__09_hr_51_min.jpg,good
473,2018-12-03-18-40-12_L8.jpg,bad
474,2018-12-03-18-54-34_S2.jpg,good
475,2018-12-04-15-51-35_S2.jpg,good
476,2018-12-04-15-51-35_S2_2022-03-31__09_hr_48_min.jpg,good
477,2018-12-04-15-51-35_S2_2022-03-31__09_hr_49_min.jpg,bad
478,2018-12-04-15-51-35_S2_2022-03-31__09_hr_50_min.jpg,good
479,2018-12-04-15-51-35_S2_2022-03-31__09_hr_51_min.jpg,bad
480,2018-12-04-15-53-13_S2.jpg,bad
481,2018-12-06-15-41-42_S2.jpg,good
482,2018-12-06-15-41-42_S2_2022-03-31__09_hr_49_min.jpg,bad
483,2018-12-06-15-41-42_S2_2022-03-31__09_hr_50_min.jpg,good
484,2018-12-06-15-41-42_S2_2022-03-31__09_hr_51_min.jpg,good
485,2018-12-06-19-04-29_S2.jpg,bad
486,2018-12-08-15-40-57_L8.jpg,bad
487,2018-12-08-15-40-57_L8_2022-03-31__09_hr_53_min.jpg,bad
488,2018-12-08-18-54-30_S2.jpg,good
489,2018-12-10-15-26-59_L8.jpg,bad
490,2018-12-10-15-26-59_L8_2022-03-31__09_hr_48_min.jpg,bad
491,2018-12-10-15-26-59_L8_2022-03-31__09_hr_49_min.jpg,good
492,2018-12-10-15-26-59_L8_2022-03-31__09_hr_50_min.jpg,good
493,2018-12-10-15-26-59_L8_2022-03-31__09_hr_51_min.jpg,good
494,2018-12-10-15-27-23_L8.jpg,good
495,2018-12-10-15-27-23_L8_2022-03-31__09_hr_48_min.jpg,good
496,2018-12-10-15-27-23_L8_2022-03-31__09_hr_49_min.jpg,bad
497,2018-12-10-18-46-21_L8.jpg,bad
498,2018-12-11-15-41-39_S2.jpg,good
499,2018-12-11-15-41-39_S2_2022-03-31__09_hr_49_min.jpg,bad
500,2018-12-11-15-41-39_S2_2022-03-31__09_hr_50_min.jpg,good
501,2018-12-11-15-41-39_S2_2022-03-31__09_hr_51_min.jpg,good
502,2018-12-11-18-36-07_L7.jpg,bad
503,2018-12-11-19-04-26_S2.jpg,good
504,2018-12-12-16-03-10_S2.jpg,good
505,2018-12-12-16-03-10_S2_2022-03-31__09_hr_53_min.jpg,good
506,2018-12-12-16-03-10_S2_2022-03-31__09_hr_54_min.jpg,bad
507,2018-12-13-18-24-29_L7.jpg,bad
508,2018-12-13-18-24-29_L7_2022-03-31__09_hr_01_min.jpg,bad
509,2018-12-13-18-24-29_L7_2022-03-31__09_hr_02_min.jpg,bad
510,2018-12-13-18-24-29_L7_2022-03-31__09_hr_13_min.jpg,good
511,2018-12-13-18-54-32_S2.jpg,good
512,2018-12-14-15-51-35_S2.jpg,bad
513,2018-12-14-15-51-35_S2_2022-03-31__09_hr_50_min.jpg,bad
514,2018-12-14-15-51-35_S2_2022-03-31__09_hr_51_min.jpg,bad
515,2018-12-15-18-44-54_S2.jpg,good
516,2018-12-15-18-44-54_S2_2022-03-31__09_hr_01_min.jpg,good
517,2018-12-15-18-44-54_S2_2022-03-31__09_hr_02_min.jpg,good
518,2018-12-15-18-44-54_S2_2022-03-31__09_hr_16_min.jpg,good
519,2018-12-16-15-36-45_L7.jpg,bad
520,2018-12-16-15-36-45_L7_2022-03-31__09_hr_53_min.jpg,bad
521,2018-12-16-15-36-45_L7_2022-03-31__09_hr_54_min.jpg,bad
522,2018-12-17-15-33-09_L8.jpg,bad
523,2018-12-17-15-33-09_L8_2022-03-31__09_hr_48_min.jpg,bad
524,2018-12-17-15-33-09_L8_2022-03-31__09_hr_49_min.jpg,bad
525,2018-12-17-15-33-09_L8_2022-03-31__09_hr_50_min.jpg,bad
526,2018-12-17-15-33-09_L8_2022-03-31__09_hr_51_min.jpg,good
527,2018-12-17-16-03-08_S2.jpg,good
528,2018-12-17-16-03-08_S2_2022-03-31__09_hr_53_min.jpg,good
529,2018-12-17-16-03-08_S2_2022-03-31__09_hr_54_min.jpg,good
530,2018-12-18-15-22-44_L7.jpg,bad
531,2018-12-18-15-22-44_L7_2022-03-31__09_hr_48_min.jpg,bad
532,2018-12-18-15-22-44_L7_2022-03-31__09_hr_49_min.jpg,bad
533,2018-12-18-15-22-44_L7_2022-03-31__09_hr_50_min.jpg,bad
534,2018-12-18-15-22-44_L7_2022-03-31__09_hr_51_min.jpg,bad
535,2018-12-18-15-23-08_L7.jpg,bad
536,2018-12-18-15-23-08_L7_2022-03-31__09_hr_49_min.jpg,bad
537,2018-12-18-18-54-30_S2.jpg,good
538,2018-12-19-15-51-38_S2.jpg,good
539,2018-12-19-15-51-38_S2_2022-03-31__09_hr_48_min.jpg,good
540,2018-12-19-15-51-38_S2_2022-03-31__09_hr_49_min.jpg,good
541,2018-12-19-15-51-38_S2_2022-03-31__09_hr_50_min.jpg,good
542,2018-12-19-15-51-38_S2_2022-03-31__09_hr_51_min.jpg,good
543,2018-12-19-18-40-10_L8.jpg,good
544,2018-12-20-18-44-58_S2.jpg,good
545,2018-12-20-18-44-58_S2_2022-03-31__09_hr_01_min.jpg,good
546,2018-12-21-19-04-26_S2.jpg,good
547,2018-12-22-16-03-13_S2.jpg,good
548,2018-12-22-16-03-13_S2_2022-03-31__09_hr_53_min.jpg,good
549,2018-12-22-16-03-13_S2_2022-03-31__09_hr_54_min.jpg,good
550,2018-12-24-15-40-56_L8.jpg,good
551,2018-12-24-15-40-56_L8_2022-03-31__09_hr_53_min.jpg,good
552,2018-12-24-15-40-56_L8_2022-03-31__09_hr_54_min.jpg,good
553,2018-12-24-15-53-14_S2.jpg,good
554,2018-12-24-15-53-14_S2_2022-03-31__09_hr_53_min.jpg,good
555,2018-12-24-15-53-14_S2_2022-03-31__09_hr_54_min.jpg,good
556,2018-12-25-15-28-42_L7.jpg,bad
557,2018-12-25-15-28-42_L7_2022-03-31__09_hr_48_min.jpg,bad
558,2018-12-25-15-28-42_L7_2022-03-31__09_hr_49_min.jpg,bad
559,2018-12-25-15-28-42_L7_2022-03-31__09_hr_50_min.jpg,bad
560,2018-12-25-15-28-42_L7_2022-03-31__09_hr_51_min.jpg,bad
561,2018-12-25-15-30-18_L7.jpg,bad
562,2018-12-25-15-30-18_L7_2022-03-31__09_hr_53_min.jpg,bad
563,2018-12-25-15-30-18_L7_2022-03-31__09_hr_54_min.jpg,bad
564,2018-12-25-18-44-55_S2.jpg,good
565,2018-12-25-18-44-55_S2_2022-03-31__09_hr_01_min.jpg,bad
566,2018-12-26-15-26-59_L8.jpg,bad
567,2018-12-26-15-26-59_L8_2022-03-31__09_hr_48_min.jpg,bad
568,2018-12-26-15-26-59_L8_2022-03-31__09_hr_49_min.jpg,bad
569,2018-12-26-15-26-59_L8_2022-03-31__09_hr_50_min.jpg,good
570,2018-12-26-15-26-59_L8_2022-03-31__09_hr_51_min.jpg,good
571,2018-12-26-15-27-23_L8.jpg,bad
572,2018-12-26-15-27-23_L8_2022-03-31__09_hr_49_min.jpg,bad
573,2018-12-26-15-41-44_S2.jpg,good
574,2018-12-26-15-41-44_S2_2022-03-31__09_hr_49_min.jpg,bad
575,2018-12-26-15-41-44_S2_2022-03-31__09_hr_50_min.jpg,good
576,2018-12-26-15-41-44_S2_2022-03-31__09_hr_51_min.jpg,good
577,2018-12-26-18-46-21_L8.jpg,bad
578,2018-12-26-19-04-31_S2.jpg,good
579,2018-12-27-16-03-10_S2.jpg,bad
580,2018-12-27-18-35-39_L7.jpg,bad
581,2018-12-28-18-54-32_S2.jpg,good
582,2018-12-29-15-51-40_S2.jpg,good
583,2018-12-29-15-51-40_S2_2022-03-31__09_hr_48_min.jpg,good
584,2018-12-29-15-51-40_S2_2022-03-31__09_hr_49_min.jpg,good
585,2018-12-29-15-51-40_S2_2022-03-31__09_hr_50_min.jpg,good
586,2018-12-29-15-51-40_S2_2022-03-31__09_hr_51_min.jpg,good
587,2018-12-29-15-53-18_S2.jpg,good
588,2018-12-29-18-24-01_L7.jpg,bad
589,2018-12-29-18-24-01_L7_2022-03-31__09_hr_01_min.jpg,bad
590,2018-12-29-18-24-01_L7_2022-03-31__09_hr_02_min.jpg,bad
591,2018-12-29-18-24-01_L7_2022-03-31__09_hr_16_min.jpg,good
592,2018-12-30-18-45-00_S2.jpg,good
593,2018-12-30-18-45-00_S2_2022-03-31__09_hr_01_min.jpg,good
594,2018-12-30-18-45-00_S2_2022-03-31__09_hr_02_min.jpg,good
595,2018-12-30-18-45-00_S2_2022-03-31__09_hr_16_min.jpg,good
596,2018-12-31-19-04-28_S2.jpg,good
597,2019-11-21-19-04-03_S2.jpg,bad
598,2019-12-06-19-04-03_S2.jpg,bad
599,2019-12-16-19-04-00_S2.jpg,bad
600,2019-12-26-19-04-00_S2.jpg,bad
601,2019-12-31-19-04-01_S2.jpg,bad
602,2020-01-05-19-04-00_S2.jpg,bad
603,2020-01-30-19-03-58_S2.jpg,bad
604,2020-02-04-19-03-57_S2.jpg,bad
605,2020-02-09-19-04-00_S2.jpg,bad
606,2020-02-14-19-03-59_S2.jpg,bad
607,2020-02-19-19-04-02_S2.jpg,bad
608,2020-02-24-19-04-07_S2.jpg,bad
609,2020-02-29-19-04-03_S2.jpg,bad
610,2020-03-05-19-04-01_S2.jpg,bad
611,2020-03-20-19-04-04_S2.jpg,bad
612,2020-03-25-19-04-02_S2.jpg,bad
613,2020-03-30-19-04-03_S2.jpg,bad
614,2020-04-14-19-04-05_S2.jpg,bad
615,2020-07-03-19-04-25_S2.jpg,good
616,2020-07-08-19-04-19_S2.jpg,bad
617,2020-07-23-19-04-25_S2.jpg,bad
618,2020-08-02-19-04-26_S2.jpg,bad
619,2020-08-17-19-04-23_S2.jpg,bad
620,2020-08-22-19-04-26_S2.jpg,bad
621,2020-09-06-19-04-23_S2.jpg,good
622,2020-09-16-19-04-22_S2.jpg,good
623,2020-09-26-19-04-22_S2.jpg,good
624,2020-10-01-19-04-26_S2.jpg,bad
625,2020-10-11-19-04-26_S2.jpg,good
626,2020-10-16-19-04-21_S2.jpg,good
627,2020-10-21-19-04-25_S2.jpg,good
628,2020-10-26-19-04-23_S2.jpg,good
629,2020-10-31-19-04-25_S2.jpg,good
630,2020-11-05-19-04-22_S2.jpg,good
631,2020-11-10-19-04-24_S2.jpg,good
632,2020-11-15-19-04-21_S2.jpg,good
633,2020-11-25-19-04-20_S2.jpg,bad
634,2020-11-30-19-04-20_S2.jpg,good
635,2020-12-05-19-04-18_S2.jpg,good
636,2020-12-10-19-04-16_S2.jpg,good
637,2020-12-15-19-04-16_S2.jpg,bad
638,2020-12-20-19-04-18_S2.jpg,good
639,2021-07-18-19-04-09_S2.jpg,bad
640,2021-07-23-19-04-08_S2.jpg,bad
641,2021-08-02-19-04-07_S2.jpg,bad
642,2021-08-07-19-04-08_S2.jpg,bad
643,2021-08-07-19-04-23_S2.jpg,bad
644,2021-08-12-19-04-06_S2.jpg,bad
645,2021-09-06-19-04-06_S2.jpg,bad
646,2021-09-21-19-04-08_S2.jpg,bad
647,2021-09-26-19-04-09_S2.jpg,bad
648,2021-10-01-19-04-08_S2.jpg,bad
649,2021-10-11-19-04-07_S2.jpg,bad
650,2021-12-15-19-04-20_S2.jpg,bad
