{
  "TARGET_SIZE": [768,768],
  "MODEL": "resunet",
  "NCLASSES": 1,
  "KERNEL":9,
  "STRIDE":2,
  "BATCH_SIZE": 8,
  "FILTERS":6,
  "N_DATA_BANDS": 3,
  "DROPOUT":0.1,
  "DROPOUT_CHANGE_PER_LAYER":0.0,
  "DROPOUT_TYPE":"standard",
  "USE_DROPOUT_ON_UPSAMPLING":false,
  "DO_TRAIN": true,
  "LOSS":"cat",
  "PATIENCE": 10,
  "MAX_EPOCHS": 100,
  "VALIDATION_SPLIT": 0.7,
  "RAMPUP_EPOCHS": 20,
  "SUSTAIN_EPOCHS": 0.0,
  "EXP_DECAY": 0.9,
  "START_LR":  1e-7,
  "MIN_LR": 1e-7,
  "MAX_LR": 1e-4,
  "FILTER_VALUE": 0,
  "DOPLOT": true,
  "ROOT_STRING": "ct_ortho_all_water_768",
  "USEMASK": false,
  "AUG_ROT": 5,
  "AUG_ZOOM": 0.05,
  "AUG_WIDTHSHIFT": 0.05,
  "AUG_HEIGHTSHIFT": 0.05,
  "AUG_HFLIP": true,
  "AUG_VFLIP": false,
  "AUG_LOOPS": 10,
  "AUG_COPIES": 5,
  "REMAP_CLASSES": {"0": 0, "1": 0, "2": 1, "3":1, "4":1, "5":1, "6":1,"7":1,"8":1,"9":1,"10":1,"11":1,"12":1}
}
